CD_MUN;NM_MUN;nitrogen_m;nitrogen_s;clay_mean;clay_sd;cec_mean;cec_sd;sand_mean;sand_sd;ph_mean;ph_sd;soc_mean;soc_sd
3500105;Adamantina;1025.84;35;326.35;22.64;87.66;6.03;533.46;28.26;56.39;0.55;99.27;6.04
3500204;Adolfo;1039.82;70;311.83;16.43;82.87;5.87;494.18;21.06;56.44;0.6;125.64;32.72
3500303;Aguaí;1115.72;68;427.71;21.69;100.46;13.75;404.41;21.11;53.76;0.44;127.49;9.34
3500402;Águas da Prata;1719.05;182;383.09;18.64;103.76;9.94;349.26;27.82;52.23;0.39;193.08;36.81
3500501;Águas de Lindóia;1516.15;108;425.41;16.71;96.98;7.2;387.71;9.9;52.84;0.54;163.91;17.69
3500550;Águas de Santa Bárbara;1212.11;42;376.44;18.56;95.42;9.51;424.71;22.72;54.42;0.57;140.07;12.49
3500600;Águas de São Pedro;1132.33;37;433.56;7.87;87.89;1.61;423.33;6.13;53.33;0.14;132.5;6.76
3500709;Agudos;1192.21;74;370.22;14.32;96.07;13.04;461.74;20.79;54.64;0.58;137.98;13.31
3500758;Alambari;1301.33;64;382.76;12.18;111.29;11.42;473.35;16.13;53.55;0.83;149.77;11.46
3500808;Alfredo Marcondes;1124.81;35;335.08;14.15;88.57;4.17;512.06;16.01;57.01;0.53;115.21;5.72
3500907;Altair;979.59;74;329.05;19.16;72.2;7.07;542.99;29.04;54.94;0.45;104.66;7.04
3501004;Altinópolis;1110.99;79;407.45;18.97;94.18;11.35;392.66;42.65;54.32;0.76;145.67;20.6
3501103;Alto Alegre;1012.75;39;337.14;15.31;79.61;4.07;491.05;25.87;55.48;0.56;100.96;4.52
3501152;Alumínio;1615.32;172;372.35;27.37;105.24;10.98;484.75;19.87;54.44;0.75;212.28;35.15
3501202;Álvares Florence;880.99;34;325.02;20.72;73.65;5.84;551.3;26.85;56.06;0.52;102.11;4.68
3501301;Álvares Machado;1135;48;336.83;15.02;89.07;6.7;500.04;15.51;57.42;0.49;123;10.09
3501400;Álvaro de Carvalho;1311.28;94;351.43;11.43;103.18;12.34;461.58;14.31;55.39;0.6;154.7;14.24
3501509;Alvinlândia;1295.49;98;354.27;15.36;91;10.8;478.65;19.62;55.01;0.42;158.5;18.58
3501608;Americana;1171.94;50;430.17;24.53;88.82;6.69;426.34;27.46;53.69;0.81;140.04;23.53
3501707;Américo Brasiliense;1086.64;39;433.64;22.65;80.25;6.25;400.44;29.08;54.29;0.51;129.47;10.85
3501806;Américo de Campos;903.13;52;340.52;14.61;69.2;5.78;532.14;20.28;56.18;0.42;105.35;4.81
3501905;Amparo;1498.39;159;412.58;12.86;101.28;6.26;416.78;13.31;53.76;0.63;160.18;14.75
3502002;Analândia;1244.87;126;422.23;32.78;90.17;9.16;432.51;37.86;53.35;0.54;154.31;25.44
3502101;Andradina;987.66;45;269.92;18.63;88.31;10.22;580.17;27.76;56.59;0.51;95.79;11.9
3502200;Angatuba;1384.41;91;378.98;15.98;122.08;15.61;448.08;24.15;53.61;0.56;166.17;19.99
3502309;Anhembi;1203.65;61;419.91;25.27;98.93;12.83;412.42;28.97;54.02;0.83;144.64;16.98
3502408;Anhumas;1153.45;53;376.84;22.56;96.64;12.5;459.56;23.3;55.46;0.82;120.65;8.66
3502507;Aparecida;1458.58;252;413.54;19.96;121.25;9.04;440.56;12.51;52.09;0.62;166.97;23.12
3502606;Aparecida d'Oeste;979.33;34;282.06;9.98;85.45;6.12;583.86;18.84;57.39;0.39;98.84;10
3502705;Apiaí;1995.73;277;386.94;18.89;198.23;15.58;383.73;13.28;51.92;0.67;257.22;30.61
3502754;Araçariguama;1563.62;106;404.37;11.8;108.46;9.58;465.16;7.62;54.73;0.54;199.26;13.04
3502804;Araçatuba;996.65;40;313.59;20.73;87.08;8.84;513.97;25.73;56.71;0.75;109.37;17.87
3502903;Araçoiaba da Serra;1271.13;84;407.9;21.02;105.04;9.36;447.61;14.71;53.89;0.92;145.39;14.81
3503000;Aramina;918.04;56;385.73;24.09;84.26;14.51;469.82;30.38;54.74;0.5;128.72;12.43
3503109;Arandu;1322.93;58;373.79;12.93;111.22;9.38;436.85;16.63;54.49;0.98;158.17;20.66
3503158;Arapeí;1696.77;457;390.8;43.2;118.4;14.91;463.71;25.86;50.72;0.87;191.29;51.41
3503208;Araraquara;1090.09;50;439.77;24.96;85.48;12.12;398.51;30.83;54.13;0.53;130.35;11.09
3503307;Araras;1156.19;59;460.77;25.4;89.79;9.16;365.17;27.44;53.97;0.58;132.7;13.21
3503356;Arco-Íris;1044.2;44;331.25;12.54;86.04;5.16;482.1;17.99;56.07;0.64;107.54;6.76
3503406;Arealva;1072.34;41;346.69;21.5;92.84;7.22;482.05;28.79;54.8;0.72;119.49;9.63
3503505;Areias;1775.05;379;383.4;57.04;131.02;12.43;458.01;20.33;50.89;0.55;195.09;46.77
3503604;Areiópolis;1130.77;31;407.4;19.98;101.34;8.66;421.58;26.54;54.04;0.69;137.51;7.93
3503703;Ariranha;944.66;35;383.15;21.85;77.92;5.76;482.39;32.64;55.76;0.43;109.1;6.41
3503802;Artur Nogueira;1145.8;41;455.28;20.61;91.31;6.2;396.24;19.84;53.32;0.44;128.53;6.19
3503901;Arujá;1715.77;55;385.86;8.57;138;9.1;446.79;7.88;51.92;0.81;233.08;10.94
3503950;Aspásia;895.01;35;290.2;17.94;88.99;5.8;568.38;20.57;56.9;0.39;98.12;3.73
3504008;Assis;1154.82;57;374.29;35.68;107.81;12.94;445.63;51.02;54.69;0.62;136.64;12.97
3504107;Atibaia;1550.1;131;441.38;17.3;104.79;6.28;419.7;10.51;52.67;0.58;172.01;18.95
3504206;Auriflama;1009.54;49;304.85;18.58;82.72;4.73;543.81;27.1;57.38;0.45;101.15;5.85
3504305;Avaí;1122.96;56;337.78;19.05;91.78;8.54;487.44;21.35;55.08;0.6;128.7;9.19
3504404;Avanhandava;1008.51;38;315.01;18.95;86.35;5.63;511.9;21.52;55.26;0.57;104.49;6.77
3504503;Avaré;1348.62;104;366.35;19.03;107.05;12.54;450.41;26.61;53.96;0.66;157.09;19.53
3504602;Bady Bassitt;912.18;33;338.98;15.42;78.13;4.29;513.75;19.54;56.1;0.34;101.95;5.36
3504701;Balbinos;1035.38;34;352.67;15.25;83.01;4.97;475.14;25.03;54.44;0.48;110.94;7.03
3504800;Bálsamo;985.73;38;293.76;13.34;72.73;5.72;611.46;16.23;55.11;0.46;108.85;5.59
3504909;Bananal;1777.27;411;378.33;52.14;120.9;19.49;462.3;23.7;50.87;0.95;196.9;49.54
3505005;Barão de Antonina;1377.52;77;385.95;11.63;124.13;9;416.05;13.06;54.79;0.77;171.77;25.98
3505104;Barbosa;1006.87;48;301.46;13.59;88.77;5.34;509.25;23.57;56.47;0.79;117.01;29.71
3505203;Bariri;1063.67;36;399.32;26.34;92.83;8.65;434.79;33.49;54.88;0.74;121.04;15.01
3505302;Barra Bonita;1182.74;57;425.54;24.22;97.36;8;409.98;26.45;54.32;0.9;141.69;18.61
3505351;Barra do Chapéu;1784.12;127;393.94;18.29;206.31;12.81;378.92;13.49;51.97;0.67;245.27;22.4
3505401;Barra do Turvo;2437.37;280;437.35;24.31;190.75;16.6;284.77;22.45;50.97;0.56;309.11;42.64
3505500;Barretos;936.18;63;368.82;21.87;75.77;9.55;489.76;31.29;54.55;0.42;111.07;10.63
3505609;Barrinha;1042.99;68;417.18;24.7;93.52;10.26;384.94;25.57;55.93;0.56;125.15;8.99
3505708;Barueri;1578.23;157;383.08;15.48;114.01;10.68;459.03;11.66;53.58;0.82;210.19;28.05
3505807;Bastos;1067.94;35;326.99;11.92;78.22;5.58;508.48;23.14;55.63;0.59;108.56;5.45
3505906;Batatais;1067.36;66;402.8;21.15;86.39;13.85;406.12;29.42;54.21;0.56;158.36;17.82
3506003;Bauru;1109.28;53;346.67;22.43;89;7.74;495.84;24.08;54.83;0.73;129.09;8.76
3506102;Bebedouro;966.67;71;366.65;25.34;76.91;6.76;486.25;32.32;55.14;0.46;114.57;6.25
3506201;Bento de Abreu;1018.77;44;328.63;16.94;93.84;5.7;515.65;27.14;56.62;0.57;103.23;7.51
3506300;Bernardino de Campos;1319.62;75;400.04;14.85;99.75;9.24;420.71;14.1;54.11;0.47;156.3;23.75
3506359;Bertioga;2593.82;334;428.08;19.05;233.5;29.69;296.92;34.69;51.67;0.8;720.35;248.56
3506409;Bilac;1008.77;29;325.76;14.78;84.77;3.66;502.13;19.87;56.09;0.45;103.53;5.53
3506508;Birigui;1008.11;37;322.45;18.5;86.95;6.81;504.61;21.26;56.01;0.62;110.69;9.52
3506607;Biritiba Mirim;1870.8;135;409.59;20.49;168.73;19.12;356.32;26.44;50.58;0.55;283.64;42.05
3506706;Boa Esperança do Sul;1101.91;51;419.49;28.77;98.78;14.74;413.85;30.19;54.82;0.69;121.89;9.13
3506805;Bocaina;1110.64;48;414.92;21.87;95.56;12.65;417.41;24.87;54.34;0.67;125.79;10.52
3506904;Bofete;1367.9;139;396.69;21.18;113.69;13.78;427.3;23.73;53.36;0.6;165.29;25.07
3507001;Boituva;1265.11;63;389.39;16.83;99.77;8.04;444.89;18.64;53.43;0.53;135.69;7.87
3507100;Bom Jesus dos Perdões;1805.98;234;416.76;46.1;109.24;10.57;428.11;18.19;52.01;0.47;205.59;30.51
3507159;Bom Sucesso de Itararé;1894.57;124;350.28;10.5;182.93;23.22;394.34;9.88;51.9;0.4;226.63;19.25
3507209;Borá;1162.96;77;343.57;13.74;87.9;6.32;478.73;24.26;55.35;0.51;132.14;14.79
3507308;Boracéia;1072.94;38;385.04;22.92;91.89;10.06;445.14;35.38;54.95;0.99;132.48;21.4
3507407;Borborema;1004.4;37;360.92;20.51;85.52;6;470.13;21.33;55.51;0.55;107.63;12.46
3507456;Borebi;1222.98;73;363.57;14.45;108.1;15.34;463.88;19.9;54.4;0.63;149.91;16.74
3507506;Botucatu;1373.63;172;385.64;36.4;108.78;14.15;445.96;36.6;53.71;0.75;170.2;30.39
3507605;Bragança Paulista;1538.86;136;435.74;14.7;109.87;7.97;404.91;18.62;52.12;0.62;163.17;18.23
3507704;Braúna;1024.74;32;340.66;13.13;85.82;5.11;482.66;17.26;55.84;0.55;106.9;5.57
3507753;Brejo Alegre;1015.36;47;330.25;25.59;95.21;9.96;485.53;27.5;56.82;0.54;125.76;20.31
3507803;Brodowski;1142.56;53;405.66;19.86;94.97;10.89;361.41;32.07;55.1;1.1;171.46;36.88
3507902;Brotas;1162.15;85;438.87;22.77;94.91;12.75;416.04;28.17;53.6;0.57;140.75;18.05
3508009;Buri;1442.58;91;371.94;11.91;144.91;19.76;450.33;16.77;54.11;0.8;174.42;15.62
3508108;Buritama;1012.83;43;304.53;20.14;84.15;6.67;511.62;26.71;56.93;0.44;112.47;20.26
3508207;Buritizal;1034.87;109;362.66;14.56;67.3;14.82;501.82;24.3;54.27;0.63;151.59;11.99
3508306;Cabrália Paulista;1196.15;53;365.86;15;95.93;10.15;470.71;19.01;54.54;0.45;137.59;10.58
3508405;Cabreúva;1593.67;261;397.09;25.53;105.84;8.96;456.41;20.98;54.46;1.51;198.71;36.42
3508504;Caçapava;1460.84;171;429.3;15.06;121;11.13;409.17;14.27;53.24;0.63;174.77;24.41
3508603;Cachoeira Paulista;1324.98;145;400.04;21.18;123.42;9.14;466.43;35.63;50.9;0.77;145.45;14.4
3508702;Caconde;1321.35;131;435.27;25.27;102.75;6.51;351.43;22.45;52.76;0.68;159.29;23.41
3508801;Cafelândia;1042.18;49;347.58;21.01;81.42;5.59;480.49;27.58;54.69;0.6;111.28;13.94
3508900;Caiabu;1046.79;42;323.37;14.53;83.49;6.37;524.4;21.65;56.7;0.52;107.85;5.56
3509007;Caieiras;1640.83;180;412.79;21.53;109.1;9.52;445.91;14.04;54;0.8;201.75;16.52
3509106;Caiuá;1045.75;49;329.56;22.84;105.17;10.99;507.72;37.5;58.13;0.9;106.6;9.42
3509205;Cajamar;1564.19;86;412.58;13.4;110.6;8.81;452.53;10;54.76;0.72;200.02;10.15
3509254;Cajati;2147.64;342;402.35;24.87;206.66;12.27;354.36;51.07;50.99;0.51;306.15;56.57
3509304;Cajobi;967.44;55;352.14;18.22;82.1;9.18;525.76;20.96;54.73;0.35;112.81;6.54
3509403;Cajuru;1165.9;80;424.99;22.18;92.19;8.87;363.33;27.71;54.29;0.6;137.39;15.9
3509452;Campina do Monte Alegre;1385.83;85;371;10.37;125.99;19.07;461.26;12.72;53.96;0.61;160.37;20.22
3509502;Campinas;1254.85;113;400.37;15.76;90.45;8.09;447.25;25.06;53.51;0.62;146.75;13.65
3509601;Campo Limpo Paulista;1438.83;78;431.94;9.44;99.76;6.35;432.3;7.16;53.4;0.66;168.37;19.86
3509700;Campos do Jordão;2450.77;206;308.55;30.6;142.16;21.38;484.27;34.68;52.11;0.93;292.51;48.15
3509809;Campos Novos Paulista;1216.37;68;375.85;30.5;109.22;17.02;423.49;51.17;55.01;0.73;146.93;12.23
3509908;Cananéia;2531.42;317;399.22;49.52;211.13;29.75;289.83;82.62;49.7;0.71;402.59;103.71
3509957;Canas;1278.07;88;394.24;21.96;121.32;5.88;483.25;22.92;50.58;0.62;140.74;10.46
3510005;Cândido Mota;1305.86;116;452.39;25.78;145.36;13.33;336.39;31.47;55.82;0.99;150.51;15.3
3510104;Cândido Rodrigues;943.92;29;392.09;14.31;89.63;5.43;452.32;10.43;55.1;0.29;109.56;3.98
3510153;Canitar;1268.92;43;439.92;19.24;116.82;6.92;349.47;26.19;54.38;0.49;139.62;9.8
3510203;Capão Bonito;1644.66;200;376.48;15.9;173.56;15.42;438.56;19;52.5;2.27;220.11;39.38
3510302;Capela do Alto;1258.26;94;403.86;22.26;99.57;6.63;449.3;24.4;53.87;0.65;139.36;15.31
3510401;Capivari;1220.68;50;410.69;23.17;97.79;5.86;430.96;28.28;53.85;0.69;133.21;9.88
3510500;Caraguatatuba;2128.33;402;405.97;27.23;216.65;31.78;354.73;23.73;51.2;1.07;384.97;92.92
3510609;Carapicuíba;1635.36;107;403.93;7.88;115.38;10.07;449.54;10.6;53.14;0.45;201.69;6.29
3510708;Cardoso;887.2;48;332.38;19.24;76.14;6.33;535.42;21.38;56.66;0.49;108.79;19.54
3510807;Casa Branca;1083.13;55;412.55;18.49;87.92;10.25;419.14;23.89;53.79;0.45;126.11;10.51
3510906;Cássia dos Coqueiros;1200.15;76;365.51;28.9;83.87;7.59;429.21;39.38;53.58;0.45;140.97;14.1
3511003;Castilho;977.91;63;281.76;19.15;88.21;8.05;544.91;47.15;57.19;1.08;96.51;18.08
3511102;Catanduva;929.71;46;336.7;24;73.23;5.06;530.34;31.52;55.4;0.45;106.95;7.9
3511201;Catiguá;910.85;39;336.79;18.59;72.34;4.61;535.79;27.33;55.81;0.47;99.59;5.43
3511300;Cedral;927.25;42;321.46;23;72.4;5.21;556.9;39.51;55.74;0.63;104.43;4.63
3511409;Cerqueira César;1287.27;72;369.66;13.83;109.19;11.15;423.23;21.37;54.35;0.62;150.01;17.12
3511508;Cerquilho;1226.1;32;415.89;15.16;97.45;6.11;401.91;19.35;53.8;0.65;131.68;6.81
3511607;Cesário Lange;1242.06;57;425.61;16.06;100.02;5.17;400.47;15.49;53.33;0.6;133.48;8.58
3511706;Charqueada;1140.08;88;458.04;24.28;99.45;4.85;386.33;31.7;52.64;0.5;131.92;19.44
3511904;Clementina;1020.31;34;336.41;13.53;86.32;3.24;488.17;18.62;55.93;0.49;102.76;6.04
3512001;Colina;945.39;45;369.09;23.36;75.61;6.75;489.12;29.25;54.77;0.47;111.65;6.23
3512100;Colômbia;918.53;73;360.84;24.4;77.17;13.24;487.91;35.75;54.44;0.44;114.75;17.94
3512209;Conchal;1136.9;64;452.1;14.68;93.72;14.41;399.17;16.8;53.63;0.42;124.34;8.25
3512308;Conchas;1174.7;35;420.26;22.33;93.87;7.73;393.36;43.14;54.33;0.54;132.32;8.75
3512407;Cordeirópolis;1180.3;58;486.71;23.92;93.36;8.43;342.48;30.1;53.81;0.62;140.96;11.66
3512506;Coroados;1024.16;39;323.81;17.78;88.63;6.1;501.03;23.89;56.06;0.4;113.27;8.22
3512605;Coronel Macedo;1399.45;52;390.28;12.18;152.21;15.69;399.66;15.4;54.33;0.53;166.53;12.26
3512704;Corumbataí;1225.81;84;453.86;27.39;95.07;7.86;381.13;25.87;53.74;0.62;140.87;13.45
3512803;Cosmópolis;1170.05;47;453.94;17.24;93.5;6.5;395.55;21.28;53.62;0.57;131.64;10.78
3512902;Cosmorama;944.79;68;323.21;18.92;75.9;8.05;556.6;31.5;55.31;0.45;107.97;5.69
3513009;Cotia;1792.93;184;382.2;16.8;133.94;20.23;444.42;17.13;50.86;1.2;221.39;31
3513108;Cravinhos;1164.2;51;436.35;26.98;90.53;10.56;282.24;46.63;55.85;1.3;142.86;19.39
3513207;Cristais Paulista;1044.46;102;340.63;42.69;67.8;13.16;510.73;56.62;53.45;0.53;159.48;23.85
3513306;Cruzália;1432.63;137;457.59;26.99;157.39;21.22;322.38;28.66;56.18;0.7;149.08;18.94
3513405;Cruzeiro;1641.75;602;389.69;32.39;123.55;15.78;451.14;24.15;50.85;0.7;180.41;62.87
3513504;Cubatão;2862.47;302;426.44;19.3;238.68;24.85;312.98;24.5;51.55;0.63;702.33;122.42
3513603;Cunha;1715.32;339;386.77;53.3;119.65;10.23;432.49;32.14;51.14;0.62;182.53;35.38
3513702;Descalvado;1171.11;114;430.61;22.18;86.12;8.05;407.57;29.09;53.8;0.46;140.27;21.16
3513801;Diadema;1655.71;124;383.15;9.81;135.92;12.5;399.85;23.94;50.81;1.03;259.71;26.36
3513850;Dirce Reis;957.76;67;307.22;24.72;87.02;4.72;525.19;29.98;57.38;0.52;98.63;4.56
3513900;Divinolândia;1563.15;156;401.79;23.7;97.88;8.54;358.06;43.6;52.41;0.68;189.33;37.06
3514007;Dobrada;1009.93;32;425.42;17.46;80.02;4.74;404.98;26.65;55.09;0.45;119.28;6.09
3514106;Dois Córregos;1207.26;78;434.58;22.95;91.78;10.91;407.43;28.06;53.62;0.71;140.79;13.4
3514205;Dolcinópolis;870.39;31;309.83;30.77;82.66;3.5;550.9;32.12;56.34;0.32;95.57;3.64
3514304;Dourado;1156.71;70;427.07;22.27;92.72;10.26;412.2;31.42;54.45;0.67;133.69;13.82
3514403;Dracena;1030.09;40;293.14;19.35;90.65;10.11;588.72;33.69;56.59;0.75;100.44;6.88
3514502;Duartina;1215.06;63;357.86;13.93;93.96;8.03;482.5;21.17;54.56;0.41;137.64;9.67
3514601;Dumont;1049.71;44;444.93;11.19;92.57;8.23;344.62;26.89;55.83;0.47;130.37;11.51
3514700;Echaporã;1208.17;86;340.89;15.55;92.49;8.7;472.23;27.74;55.04;0.6;138.95;16.56
3514809;Eldorado;2262.19;322;407.79;16.06;193.52;11.59;391.31;35.41;51.72;0.55;291.43;45.96
3514908;Elias Fausto;1226.38;42;405.59;17.39;96.75;6.89;437.15;24.16;53.07;0.55;133.22;7.78
3514924;Elisiário;949.67;37;341.17;14.69;81.04;6.43;494.23;25.34;56.07;0.34;102.99;5.2
3514957;Embaúba;961.82;49;348.07;22.32;86.1;11.13;528.01;26.9;55.14;0.37;111.35;5.44
3515004;Embu das Artes;1635.71;61;401.03;8.01;126.74;10.62;443.03;14.92;51.71;0.92;218.09;12.5
3515103;Embu-Guaçu;1908.01;95;398.75;13.93;169.12;15.62;361.16;22.94;50.43;0.49;256.02;18.28
3515129;Emilianópolis;1085.21;52;319.5;13.1;93.44;8.33;541.08;19.59;56.93;0.51;107.16;5.74
3515152;Engenheiro Coelho;1157.41;35;456.45;14.95;90.92;6.12;390.36;15.18;53.6;0.39;126.85;11.23
3515186;Espírito Santo do Pinhal;1438.55;126;398.1;18.53;121.05;7.68;389.04;17.71;53.55;0.61;151.97;14.55
3515194;Espírito Santo do Turvo;1218.24;43;371.39;20.25;95.86;7.05;451.75;29.77;54.42;0.47;132.74;10.51
3515202;Estrela d'Oeste;953.71;43;297.16;22.71;85.84;5.24;558.7;28.9;57.03;0.4;103.57;5.35
3515301;Estrela do Norte;1194.33;48;380.36;13.24;114.26;17.69;465.1;20.28;55.66;0.49;124.62;8.02
3515350;Euclides da Cunha Paulista;1107.43;47;354.58;21.62;121.51;10.75;487.86;24.2;57.12;0.7;117.68;13.7
3515400;Fartura;1470.1;137;401.86;15.9;109.82;8.98;402.58;11.92;54.29;1.04;173.87;33.84
3515509;Fernandópolis;958.02;38;302.83;17.86;79.41;5.66;560.11;25.59;56.63;0.48;102.96;5.79
3515608;Fernando Prestes;936.59;35;395.19;13.34;84.83;7.66;452.84;15.86;55.33;0.34;111.26;5.34
3515657;Fernão;1176.14;70;339.05;12.36;86.8;9.09;497.81;15.25;54.6;0.38;133.47;12.52
3515707;Ferraz de Vasconcelos;1656.41;71;394.38;11.87;157.7;9.81;428.07;21.85;50.48;1.09;235.25;13.98
3515806;Flora Rica;1040.75;36;307.3;15.56;85.03;8.05;565.7;23.91;56.76;0.52;99.7;5.7
3515905;Floreal;985.3;37;312.55;18.6;83.98;6.66;536.9;26.62;56.4;0.44;102.47;5.37
3516002;Flórida Paulista;1026.29;36;305.24;19.33;90.59;6.97;560.08;31.05;56.9;0.65;97.75;5.91
3516101;Florínea;1211;107;426.91;17.29;127.72;18.07;361.67;27.59;55.55;0.8;142.16;24.44
3516200;Franca;1121.61;105;340.5;45.67;72.48;13.43;497.05;57.43;53.6;0.69;160.11;20.51
3516309;Francisco Morato;1489.44;99;433.78;9.2;107.21;8.25;430.18;8.62;53.91;0.74;183.94;12.74
3516408;Franco da Rocha;1516.99;95;438.24;12.05;105.46;8.94;432.99;11.48;53.8;0.56;195.7;16.75
3516507;Gabriel Monteiro;999.11;29;328.53;16.42;81.74;3.97;500.24;21.5;55.98;0.48;100.98;5.03
3516606;Gália;1269.38;92;345;12.89;100.93;14.29;488.35;16.59;54.61;0.53;150.46;15.77
3516705;Garça;1318.99;78;353.19;14.63;103.06;11.85;477.33;23.96;55.05;0.7;156.86;12.48
3516804;Gastão Vidigal;1010.23;40;314.12;18.9;90.48;8.95;515.6;19.14;57.03;0.36;100.97;5.04
3516853;Gavião Peixoto;1073.17;37;429.61;24.1;93.37;7.88;401.6;28.99;54.43;0.62;120.98;6.38
3516903;General Salgado;1014.83;45;317.47;19.43;85.11;7.28;524.42;27.67;57.11;0.53;103.63;6.01
3517000;Getulina;1043.33;40;328.59;15.71;81.41;7.6;495.63;25.83;55.38;0.76;105.99;7.7
3517109;Glicério;1008.79;42;334.63;18.78;90.07;8.55;487.76;23.62;56.11;0.71;118.11;19.2
3517208;Guaiçara;1032.23;48;307.01;19.14;80.16;5.91;515;27.75;54.93;0.67;114.04;23.83
3517307;Guaimbê;1077.91;48;331.86;17.86;79.48;5.57;503.32;25.85;54.86;0.43;112.64;10.36
3517406;Guaíra;951.81;66;371.45;21.31;86.66;10.91;471.59;24.78;54.52;0.5;123.1;13.43
3517505;Guapiaçu;914.84;49;319.73;18.97;79.54;9.66;572.28;28.87;55.05;0.45;104.47;5.22
3517604;Guapiara;1843.01;164;373.48;14.46;180.84;12.46;422.61;23.77;51.82;1.05;249.13;29.6
3517703;Guará;945.75;48;392.12;18.63;94.8;13.34;452.54;20.03;54.63;0.59;153.76;23.63
3517802;Guaraçaí;1037.46;50;276.24;15.61;91.55;7.14;590.69;27.37;57.49;0.77;96.48;6.62
3517901;Guaraci;960.01;87;362.07;21.04;72.61;6.74;500.04;27.58;54.83;0.54;111.18;19.98
3518008;Guarani d'Oeste;950.16;36;302.57;10.36;80.75;6.44;563.56;12.94;56.82;0.22;102.18;5.47
3518107;Guarantã;1063.51;68;346.82;17.62;85.3;9.72;473.25;22.7;54.88;0.65;117.71;12.13
3518206;Guararapes;1010.12;41;322.5;21.2;88.48;6.08;511.23;30.15;56.7;0.59;103.92;7.48
3518305;Guararema;1657.26;58;388.4;10.43;142.57;18.93;452.99;23.6;51.27;1.19;225.93;15.4
3518404;Guaratinguetá;1629.55;472;396;36.09;129.14;19.8;449.31;26.36;51.42;0.86;185.31;62.74
3518503;Guareí;1377.97;80;392.57;14.01;113.13;11.21;436.96;19.79;53.27;0.53;157.5;19.36
3518602;Guariba;1007.95;36;426.18;18.76;84.63;8.5;412.77;33.72;55.14;0.52;126.02;10.93
3518701;Guarujá;2764.44;441;410.43;11.78;243.92;32.48;302.28;27.4;51.66;0.65;838.08;154.64
3518800;Guarulhos;1756.27;178;398.02;19.42;138.72;15.75;437.85;19.45;52.68;1.03;220.78;23.24
3518859;Guatapará;1072.57;66;429.96;21.25;94.74;10.4;365.41;29.67;55.13;0.76;125.11;12.27
3518909;Guzolândia;1012.79;45;286.62;13.09;82.35;4.4;573.79;22.94;57.54;0.44;99.24;5.91
3519006;Herculândia;1096.95;49;326.25;17.65;81.42;7.01;492.9;25.09;55.04;0.45;111.33;7.58
3519055;Holambra;1184.03;44;417.7;19.23;85.04;6.22;434.32;19.83;53.7;0.5;131.14;7.76
3519071;Hortolândia;1155.84;37;397.73;16.75;87.41;5.11;457.33;23.93;53.23;0.58;141.48;8.92
3519105;Iacanga;1043.13;39;362.84;25.43;82.83;6.66;458.84;30.55;55.23;0.79;114.48;12.93
3519204;Iacri;1053.77;47;321.73;12.65;85.85;6.38;512.63;20.14;55.73;0.55;108.55;6.95
3519253;Iaras;1178.62;58;369.86;18.34;97.51;10.73;431.54;34.52;54.67;0.57;137.56;11.9
3519303;Ibaté;1092.5;43;435.51;20.48;84.21;12.88;425.04;32.54;53.58;0.51;134.5;11.37
3519402;Ibirá;960.76;44;347.17;18.01;76.93;5.39;488.26;22.07;56.31;0.38;105.02;5.28
3519501;Ibirarema;1265.93;78;434.48;24.17;140.37;13.25;342.01;27.08;56.02;0.9;149.36;14.08
3519600;Ibitinga;1028.44;39;374.83;20.67;87.47;10.04;452.89;27.55;55.62;0.56;114.75;14.84
3519709;Ibiúna;1875.69;200;382.65;13.85;150.66;33.75;422.67;35.74;50.71;1.36;259.8;47.92
3519808;Icém;942.11;84;347.18;23.67;74.16;10;526.98;27.8;54.74;0.55;110.56;19.85
3519907;Iepê;1120.45;54;414.47;29.8;102.37;13.11;399.9;44.04;54.81;0.9;138.71;22.81
3520004;Igaraçu do Tietê;1150.49;45;435.23;10.38;103.05;6.8;401.25;16.54;54.71;0.68;135.03;17.25
3520103;Igarapava;1021.6;95;367.37;16.79;87.89;14.56;482.51;27.32;54.74;0.49;142.58;19.28
3520202;Igaratá;1784.4;174;415.32;18.88;129.44;13.46;441.5;20.08;51.57;0.92;237.66;34.52
3520301;Iguape;2560.65;245;367.57;44.67;234.81;29.11;363.24;53.52;49.8;0.6;427.81;84.67
3520400;Ilhabela;2140.74;284;437.84;19.62;203.34;24.12;324.76;15.51;50.85;0.53;397.86;60.96
3520426;Ilha Comprida;2591.81;253;323.7;19.14;244.34;11.88;408.04;22.31;50.73;1.02;457.36;86.12
3520442;Ilha Solteira;969.82;54;294.63;24.44;80.6;7.96;541.64;37.43;56.41;0.72;107.36;26.92
3520509;Indaiatuba;1255.13;64;395.82;13.79;93.07;6.9;460.48;24.2;52.84;0.81;145.54;18.96
3520608;Indiana;1092.18;42;317.62;10.24;77.5;4.17;519.67;15.97;56.47;0.46;116.82;8.49
3520707;Indiaporã;905.11;63;325.52;19.85;81.6;6.12;541.5;23.3;56.79;0.43;110.59;22.06
3520806;Inúbia Paulista;1039.47;41;326.44;19.58;91.6;7.91;535.67;27.17;56.16;0.46;110.23;6.68
3520905;Ipaussu;1339.23;110;396.45;16.11;107.23;10.09;416.49;19.02;54.36;0.52;161.53;34.89
3521002;Iperó;1345.74;178;411.72;17.38;97.34;6.37;440.64;11.79;54;0.83;159.34;27.13
3521101;Ipeúna;1178.79;103;448.36;18.31;97.31;6.06;382.24;22.88;53.2;0.53;141.67;26.54
3521150;Ipiguá;918.46;52;306.6;15.49;74.5;7.3;580.82;28.68;54.54;0.61;104.15;5.89
3521200;Iporanga;2164.21;343;413.68;19.49;188.65;14.11;386.36;27.83;52.47;0.7;288.2;35.61
3521309;Ipuã;951.71;60;407.56;20.02;92.52;14.7;434.63;18.95;54.9;0.45;128.44;10.9
3521408;Iracemápolis;1160.31;47;482.77;35.92;95.97;6.75;357.61;42.86;53.23;0.48;137.29;14.47
3521507;Irapuã;1015.24;33;339.65;20.17;80.18;4.31;477.79;25.41;56.28;0.39;105.54;15.92
3521606;Irapuru;1053.03;41;295.92;15.18;92.58;10.5;582.69;22.64;57.07;0.65;99.28;6.03
3521705;Itaberá;1445.4;67;383.71;11.93;146.21;18.73;410.75;17.39;54.5;0.68;167.84;12.56
3521804;Itaí;1354.19;70;368.68;14.45;130.63;12.5;447.19;16.58;55.12;0.93;164.56;18.54
3521903;Itajobi;964.98;41;358.58;19.01;78.99;5.72;472.75;24.11;55.59;0.44;103.33;4.5
3522000;Itaju;1060.96;39;382.15;17.94;92.07;9.46;440.81;21.29;55.56;0.73;120.24;16.8
3522109;Itanhaém;2076.72;156;398.26;30.54;207.73;31.68;374.71;41.65;50.2;0.61;340.6;50.99
3522158;Itaoca;2211.86;415;428.72;13.61;209.85;12.28;355.87;17.89;53.91;0.8;286.8;34.29
3522208;Itapecerica da Serra;1808.44;154;385.9;17.48;141.81;13.22;419.38;17.65;49.74;1.09;234.02;18.25
3522307;Itapetininga;1388.38;81;367.88;16.57;122.48;18.25;461.9;17.11;53.7;0.75;162.5;14.66
3522406;Itapeva;1547.6;136;376.89;13.41;153.29;16.77;429.54;18.01;54.26;0.92;186.29;20.6
3522505;Itapevi;1666.78;100;397.72;9.7;117.12;12.51;461.4;8.28;53.19;0.89;214.31;14.8
3522604;Itapira;1367.66;130;401.79;12.87;107.42;9.04;414.89;16.7;54.03;0.6;147.12;14.14
3522653;Itapirapuã Paulista;2073.44;163;417.53;14.08;217.27;11.18;357.68;17.35;52.8;0.89;284.38;21.2
3522703;Itápolis;965.24;48;376.44;18.74;85.72;7.05;463.48;24.11;55.63;0.51;106.2;5.54
3522802;Itaporanga;1366.48;45;386.96;10.88;130.29;10.37;405.47;13.27;54.72;0.65;156.65;13.29
3522901;Itapuí;1085.01;53;405.65;15.55;96.96;10.99;433.72;21.99;54.7;1.13;135.25;20.17
3523008;Itapura;967.19;65;296.33;25.75;82.47;6.83;537.95;48.17;56.49;0.92;103.23;27.31
3523107;Itaquaquecetuba;1680.15;59;377.17;6.84;137;10.26;452.85;8.73;52.88;0.81;223.1;22.43
3523206;Itararé;1599.64;243;379.02;14.48;152.26;22.77;399.66;14.89;53.58;0.96;189.81;34.74
3523305;Itariri;2048.37;413;429.11;17.03;175.25;17.98;345.63;21.07;49.9;0.5;298.25;86.82
3523404;Itatiba;1465.73;107;433.9;13.6;99.24;6.7;428.53;14.36;52.99;0.46;158.7;14.97
3523503;Itatinga;1482.2;125;361.87;17.96;130.45;17.29;452.51;28.48;53.73;0.6;189.58;21.07
3523602;Itirapina;1227.61;158;416.47;26.78;90.84;14.09;436.51;32.77;53.44;0.69;157.98;37.34
3523701;Itirapuã;1105.07;92;387.1;25.69;86.42;9.12;426.7;35.51;53.6;0.41;165.93;20.84
3523800;Itobi;1198.21;119;402.06;26.4;90.65;6.68;410.94;24.08;53.7;0.37;133.49;12.87
3523909;Itu;1340.9;112;388.62;15.68;103.19;9.09;465.14;18.33;54.22;0.98;178.82;28.75
3524006;Itupeva;1352.92;73;419.54;15.25;102.02;7.71;436.68;18.96;53.05;0.59;167.5;25.41
3524105;Ituverava;954.01;61;390.98;19.24;95.47;15.95;451.82;26.96;54.57;0.58;143.03;12.67
3524204;Jaborandi;990.52;56;383.98;23.43;90.24;9.45;459.43;21.66;55.32;0.64;120.32;10.16
3524303;Jaboticabal;981.25;41;423.96;17.92;82.63;7.73;405.97;29.49;55.49;0.62;125.43;8.14
3524402;Jacareí;1652.3;72;417.78;23.06;118.33;11.4;435.65;20.91;52.3;0.64;217.48;25.47
3524501;Jaci;935.12;34;314.21;13.53;81.34;5.16;548.09;31.44;56.21;0.37;104.68;7.1
3524600;Jacupiranga;2304.32;237;417.41;35.21;198.73;18.73;345.93;65.8;50.11;0.89;311.7;53.24
3524709;Jaguariúna;1220.04;80;418.33;14.85;92.08;6.26;431.27;19.31;53.94;0.47;134.34;11.3
3524808;Jales;934.01;46;292.67;18.12;87.59;5.43;560.69;25.45;57.29;0.43;101.19;6.81
3524907;Jambeiro;1662.2;129;456.2;17.23;114.63;12.11;404.54;19.3;52.86;0.65;217;23.4
3525003;Jandira;1553.8;53;386.09;8.84;123;7.49;453.54;7.04;53.63;0.98;197.79;10.28
3525102;Jardinópolis;1053.51;68;430.32;19.78;105.63;9.93;356.09;23.87;55.63;0.67;145.4;29.88
3525201;Jarinu;1481.05;69;437.54;11.32;100.34;6.1;430.18;7.6;53.02;0.47;157.96;12.31
3525300;Jaú;1119.23;52;419.34;22.24;96.71;8.62;418.1;31.69;54.06;0.84;133.96;14.11
3525409;Jeriquara;978.4;50;352.69;17.06;70.61;9.97;518.47;21.84;53.81;0.41;146.89;10.66
3525508;Joanópolis;1943.09;267;389.33;39.33;118.85;9.42;426.95;29.43;51.17;0.85;212.02;47.08
3525607;João Ramalho;1131.65;45;345.89;24.85;89.6;10.08;476.63;36.03;54.71;0.56;122.86;10.84
3525706;José Bonifácio;989.52;51;313.98;18.86;82;5.97;512.23;24.91;56.72;0.44;103.59;10.32
3525805;Júlio Mesquita;1122.16;62;331.14;15.27;78.85;6.66;493;14.52;54.86;0.45;124.99;11.62
3525854;Jumirim;1209.37;32;432.21;17.3;101;4.69;362.2;16.54;53.94;0.46;136.43;6.37
3525904;Jundiaí;1511.04;278;421.73;30.99;102.76;8.69;440.95;24.86;54.04;1.53;185.29;42.75
3526001;Junqueirópolis;1035.2;42;295.88;14.32;98.21;12.91;576.43;23.53;57.19;1.02;97.55;6.32
3526100;Juquiá;2198.16;216;398.1;18.43;198.86;17.77;370.07;31.82;50.96;0.68;292.72;32.64
3526209;Juquitiba;1862.07;119;406.22;15.96;174.52;14.36;372.44;31.56;49.81;0.55;268.4;24.35
3526308;Lagoinha;1508.77;193;423.32;27.06;115.09;6.48;430.6;21.69;51.31;0.52;165.09;20.41
3526407;Laranjal Paulista;1170.43;33;432.49;19.68;96.12;7.3;374.71;28.94;54.13;0.73;129.52;7.6
3526506;Lavínia;1024.81;40;306.76;16.97;90.75;5.19;554.51;24.8;57.19;0.54;99.3;12.25
3526605;Lavrinhas;1735.91;718;407.3;40.87;122.42;24.88;430.89;21.01;51.49;0.65;187.92;70.18
3526704;Leme;1107.91;65;446.07;30.54;86.5;6.37;378.11;27.55;53.82;0.51;127.26;10.35
3526803;Lençóis Paulista;1173.78;103;379.82;18.25;101.1;15.93;449.21;20.89;54.13;0.63;139.79;19.48
3526902;Limeira;1141.59;41;435.68;34.27;90.81;5.35;422.5;47.33;53.09;0.54;126.72;6.83
3527009;Lindóia;1485.7;98;407.48;14.59;102.84;6.6;402.59;10.76;53.52;0.4;161.27;14.09
3527108;Lins;1043.49;40;320.09;20.44;78.24;4.85;504.46;30.37;54.74;0.57;111.18;14.79
3527207;Lorena;1428.86;135;409.29;18.66;125.33;12.14;448.11;39.14;51.09;0.78;156.98;13.76
3527256;Lourdes;1039.23;54;315.71;21.4;90.06;11.2;503.44;30.05;57.12;0.44;107.69;13.27
3527306;Louveira;1315.38;87;437.78;9.41;95.25;4.54;422.95;8.87;52.99;0.54;148.42;8.85
3527405;Lucélia;1029.54;40;325.28;17.49;89.11;6.38;532.87;22.15;56.26;0.46;100.9;6.54
3527504;Lucianópolis;1153.97;40;352.64;16.71;84.87;8.12;478;23.76;54.3;0.48;131.8;10.27
3527603;Luís Antônio;1139.12;70;421.89;33.41;98.75;17.73;370.54;37.53;54.34;0.53;126.02;13.67
3527702;Luiziânia;1042.23;46;330.9;17.14;81.08;4.64;475.92;18.3;56.02;0.5;100.44;7.76
3527801;Lupércio;1293.14;85;356.42;18.21;91.25;8.71;476.37;21.8;55.07;0.41;153.74;14.09
3527900;Lutécia;1145.15;49;340.08;17.36;90.84;6.37;478.43;28.51;55.26;0.57;129.81;11.47
3528007;Macatuba;1107.19;43;407.2;20.03;97.27;8.36;427.08;25.74;54.63;0.61;131.06;11.52
3528106;Macaubal;967.95;38;307.76;17.02;83.13;5.19;540.65;26.55;56.55;0.45;99.44;4.74
3528205;Macedônia;912.58;37;318.34;16.53;84.96;5.75;549.99;19.91;56.8;0.38;104.03;8.34
3528304;Magda;1007.93;47;315.84;15.67;84.1;7.07;535.91;20.98;56.7;0.43;103.02;4.79
3528403;Mairinque;1555.06;136;374.43;18.5;100.97;8.64;482.03;17.53;53.9;0.74;203.23;22.64
3528502;Mairiporã;1718.77;162;428.81;23.68;109.68;9.47;431.67;15.88;53.03;0.53;204.23;21.19
3528601;Manduri;1286.42;57;370.66;13.12;103.11;8.04;423.66;18.95;54.28;0.65;146.09;15.12
3528700;Marabá Paulista;1099;46;344.16;12.8;109.53;11.91;495.64;19.65;58.35;0.88;115.08;10.41
3528809;Maracaí;1246.65;143;432.55;36.41;126.56;23.37;364.43;51.96;55.09;0.81;144.45;18.24
3528858;Marapoama;967.26;36;358.28;17.51;77.4;4.77;476.87;19.2;55.66;0.46;102.86;4.2
3528908;Mariápolis;1025.99;39;300.17;16.1;86.87;6.32;559.75;22.09;56.96;0.51;99.24;4.35
3529005;Marília;1199.87;116;343.12;14.76;87.07;8.98;474.31;20.83;55.24;0.6;137.94;20.91
3529104;Marinópolis;1002.67;37;279.99;8.97;86.78;6.32;588.64;22.67;57.81;0.4;99.53;4.45
3529203;Martinópolis;1082.09;50;338.79;33.72;87.96;9.4;492.99;38.36;55.8;0.85;114.84;11.01
3529302;Matão;1034.52;43;412.98;25.55;83.91;7.68;417.33;27.37;54.46;0.45;120.03;9.37
3529401;Mauá;1825.27;121;402.37;10.46;171.27;10.06;359.32;18.24;51;0.85;277.98;25.39
3529500;Mendonça;1020.67;44;324.85;24.39;80.21;7.13;490.2;25.27;56.81;0.4;109.71;18.01
3529609;Meridiano;967.69;49;318.83;20.64;76.91;5.78;551.01;20.74;56.35;0.48;102.24;5.57
3529658;Mesópolis;883.87;36;343.03;23.76;82.72;6.3;516.7;26.12;56.34;0.41;103.65;14.75
3529708;Miguelópolis;928.04;61;378.46;31.05;86.15;13.46;471.97;39.76;54.71;0.61;131.53;21.92
3529807;Mineiros do Tietê;1217.8;82;421.87;22.88;94.98;8.17;417.31;26.18;53.45;0.72;146.21;14.29
3529906;Miracatu;2028.85;197;428.58;24.09;185.42;17.21;322.4;25.72;50.15;0.57;279.16;32.75
3530003;Mira Estrela;897.69;52;322.33;13.9;78.94;5.2;542.77;18.06;56.77;0.48;111.69;22.89
3530102;Mirandópolis;1042.39;55;288.7;18.35;91.2;7.01;577.04;27.59;57.18;0.61;98.28;9.17
3530201;Mirante do Paranapanema;1131.53;51;359.51;17.63;116.42;12.14;478.31;23.9;58.12;0.97;112.94;8.13
3530300;Mirassol;961.06;44;311.46;14.74;78.53;5.78;565.78;34.51;56.19;0.45;105.91;7.06
3530409;Mirassolândia;917.49;54;307.79;17.7;74.85;5.88;582.39;27.78;54.48;0.35;106.02;5.07
3530508;Mococa;1127.16;98;419.15;24.27;90.87;6.84;385.33;30.3;54.26;0.48;125.51;14.08
3530607;Mogi das Cruzes;1772.5;186;398.24;24.65;158.78;25.5;402.39;57.06;50.72;0.96;261.47;52.51
3530706;Mogi Guaçu;1167.79;102;417.05;21.23;98.63;15.28;416.37;24.41;53.79;0.53;132.15;14.48
3530805;Mogi Mirim;1184.74;57;431.95;17.13;97.21;8.52;418.19;20.64;53.9;0.45;129.7;8.55
3530904;Mombuca;1170.29;32;437.8;21.57;94.14;5.5;400.34;29.65;53.68;0.68;129.56;11.24
3531001;Monções;983.69;36;316.29;15.69;85.52;8.44;511.17;16.22;57.07;0.32;99.03;4.83
3531100;Mongaguá;2178.5;250;418.57;27.62;213.31;31.33;340.36;37.58;50.25;0.63;410.43;80.95
3531209;Monte Alegre do Sul;1686.87;115;425.83;14.74;102.75;4.43;394.02;10.6;52.54;0.51;173.93;13.15
3531308;Monte Alto;986.99;57;395.89;17.98;81.82;7.23;432.49;20.28;55.08;0.37;121.87;10.58
3531407;Monte Aprazível;934.03;42;312.3;13.98;79.29;6.01;568.77;24.97;55.86;0.59;103.35;5.69
3531506;Monte Azul Paulista;984.33;69;336.28;19.49;78.91;6.51;526.71;21.92;54.69;0.4;111.91;5.57
3531605;Monte Castelo;1018.57;34;302.72;14.07;103.64;10.3;546.63;23.29;59.02;0.58;94.1;7.04
3531704;Monteiro Lobato;1886.39;289;381.25;40.56;133.93;8.72;448.65;22.36;51.8;0.73;211.35;37.84
3531803;Monte Mor;1192.05;41;396.9;22.55;91.1;5.99;452.34;24.58;53.13;0.53;129.03;6.36
3531902;Morro Agudo;965.78;47;401.71;25.11;100.42;11.56;422.19;31.42;55.17;0.56;125.9;13.31
3532009;Morungaba;1558.07;118;431.79;10.65;106.85;8.26;411.68;9.33;53.23;0.35;161.42;16.99
3532058;Motuca;1027.52;37;432.54;26.66;87.1;9;397.56;30.07;55.01;0.64;124.88;9.81
3532108;Murutinga do Sul;1023.5;35;273.43;15.53;89.54;6.73;598.23;23.3;56.85;0.54;94.72;5.51
3532157;Nantes;1117.2;62;407.55;22.28;96.74;12.1;414.88;31.42;54.9;0.97;134.33;20.59
3532207;Narandiba;1169.04;53;389.01;24.6;116.95;12.99;445.22;25.95;55.37;0.66;128.09;12.35
3532306;Natividade da Serra;1671.49;169;382.53;25.11;126.94;17.75;443.38;21.18;51.19;0.76;231.24;30.82
3532405;Nazaré Paulista;1797.16;198;432.08;29.91;111.86;12.32;422.83;16.78;52.02;0.65;218.24;34.54
3532504;Neves Paulista;937.77;35;311.79;13.43;78.74;4.28;565.33;30.19;56.24;0.36;102.78;5.61
3532603;Nhandeara;983.29;43;314.68;15.62;85.45;6.63;529.32;26.47;56.1;0.55;102.11;5.08
3532702;Nipoã;937.16;39;317.76;12.27;82.52;7.05;535.36;21.59;56.63;0.46;98.29;4.03
3532801;Nova Aliança;955.11;58;323.62;17.88;77.94;4.42;515.19;26.35;56.53;0.35;101.48;5.11
3532827;Nova Campina;1850.81;165;371.48;12.11;172.42;24.94;407.48;15.13;52.6;0.54;229.72;21.95
3532843;Nova Canaã Paulista;952.57;32;287.89;11.11;86.67;4.61;575.15;21.14;57.49;0.46;99.51;10.91
3532868;Nova Castilho;989.4;36;325.63;18.41;84.19;9.12;503.82;18.29;57.12;0.52;100.71;4.85
3532900;Nova Europa;1051.81;42;411.16;18.91;91.8;7.58;414.1;34.5;54.8;0.6;117.3;5.44
3533007;Nova Granada;933.99;69;337.84;20.42;68.15;6.23;534.53;26.14;54.68;0.52;107.3;6.79
3533106;Nova Guataporanga;1054.38;28;275.2;6.66;95.39;5.3;600.9;10.87;58.51;0.41;94.65;4.63
3533205;Nova Independência;995.65;38;289.68;19.15;100.45;8.44;575.05;34.16;57.98;1.04;92.52;5.77
3533254;Novais;942.08;41;350.4;17.05;76.47;8.78;532.65;21.57;55.28;0.41;105.38;3.92
3533304;Nova Luzitânia;1037.19;52;322.23;20.45;91.04;9.21;497.87;20.18;57.1;0.37;103.77;7.15
3533403;Nova Odessa;1185.85;38;404.59;33.06;88.03;4.99;454.03;45.95;53.58;0.52;139.91;13.71
3533502;Novo Horizonte;1033.43;62;359.54;22.04;83.2;7.11;461.93;23.16;55.39;0.54;113.11;25.11
3533601;Nuporanga;973.86;46;406.71;18.17;88.66;14.26;430.24;18.87;54.26;0.54;166.52;15.64
3533700;Ocauçu;1237.92;109;359.69;16.2;93.76;7.33;465.51;15.79;54.95;0.46;146.38;16.85
3533809;Óleo;1279;56;387.55;22.84;93.83;7.28;422.75;23.39;54.11;0.54;148.37;14.15
3533908;Olímpia;962.67;57;341.29;20.6;72.21;7.32;535.39;29.06;54.85;0.46;108.95;7.98
3534005;Onda Verde;939.76;52;323.65;19.9;76.56;8.17;565.1;28.98;54.91;0.61;104.69;5.63
3534104;Oriente;1192.43;97;343.59;14.66;87.69;7.04;461.43;15.54;55.17;0.47;138.72;19.28
3534203;Orindiúva;893.92;62;350.72;19.52;71.93;5.75;507.37;22.34;55.27;0.42;101.26;9.29
3534302;Orlândia;968.19;44;423.34;16.37;80.06;13.39;404.14;29.53;54.75;0.58;147.6;21.07
3534401;Osasco;1481.83;77;401.72;7.39;116.3;14.74;450.73;12.93;53.48;0.5;198.2;19.5
3534500;Oscar Bressane;1180.84;66;345.34;14.75;87.02;6.77;469.22;16.14;55.47;0.56;132.55;13.16
3534609;Osvaldo Cruz;1033.66;38;321.16;18.24;86.25;6.06;527.84;24.96;55.89;0.51;106.15;7.7
3534708;Ourinhos;1240.86;55;434.68;18.84;113.74;12.24;357.7;31.58;54.79;0.73;140.52;14.2
3534757;Ouroeste;912.26;51;340.21;31.05;82.74;5.01;526.52;35.23;56.62;0.6;106.9;11.77
3534807;Ouro Verde;1014.22;39;287.96;19.09;100.27;9.45;587.97;44.59;57.08;1.04;95.41;5.89
3534906;Pacaembu;1036.45;34;296.26;14.27;91.97;10.33;581.15;25.24;57.03;0.64;97.91;6.41
3535002;Palestina;928.52;80;347.22;16.15;71.25;7.62;526.83;20.14;55.29;0.63;107.3;9.91
3535101;Palmares Paulista;947.24;33;368.55;24.77;79.82;6.44;508.56;39.96;55.37;0.4;108.74;5
3535200;Palmeira d'Oeste;968.47;51;289.75;14.45;87.16;6.22;571.27;23.95;57.69;0.47;97.34;3.95
3535309;Palmital;1374.8;132;442.54;21.22;149.24;19.04;342.33;30.62;56.32;0.96;153.32;16.58
3535408;Panorama;1035.36;209;300.08;22.57;98.97;14.35;532.96;57.63;58.07;1.31;103.59;30.13
3535507;Paraguaçu Paulista;1124.74;45;366.35;24.52;96;9.23;460.05;34.88;54.6;0.61;123.76;8.73
3535606;Paraibuna;1750.06;245;400.84;28.42;138.92;32.87;417.67;39.17;51.62;0.88;256.74;58.79
3535705;Paraíso;982.43;58;362.93;21.17;84.39;9.76;501.07;27.01;55.13;0.44;113.14;5.51
3535804;Paranapanema;1340.16;71;367.92;11.75;118.09;11.3;454.03;17.77;54.23;0.71;165.65;18.3
3535903;Paranapuã;877.59;34;332.55;20.33;86.84;5.8;525.73;23;56.42;0.39;98.98;4.26
3536000;Parapuã;1050.08;35;322.44;15.15;84.45;6.64;522;21.26;55.42;0.46;107.69;6.5
3536109;Pardinho;1574.1;164;356.58;11.28;125.79;10.06;462.29;21.05;53.42;0.59;197.38;30.44
3536208;Pariquera-Açu;2522.11;191;384.8;25.21;216.69;26.07;367.6;39.24;49.82;0.74;347.9;45.48
3536257;Parisi;905.57;43;303.89;16.34;75.12;4.43;570.18;19.87;56.6;0.41;100.64;4.28
3536307;Patrocínio Paulista;1078.42;108;398.88;22.88;88.77;11.1;427.64;28.2;54.09;0.49;155.59;23.8
3536406;Paulicéia;993.11;56;298.84;18.74;98.89;11.83;524.51;47.56;58.7;0.91;102.8;23.7
3536505;Paulínia;1144.99;47;422.15;25.48;88.32;5.49;429.95;27.92;53.66;0.64;134.63;13.34
3536570;Paulistânia;1232.98;57;365.09;15.29;98.85;10.71;468.89;24.2;54.54;0.57;144.35;12.1
3536604;Paulo de Faria;899.83;62;373.41;19.73;74.16;7.39;484.25;24.22;55.01;0.57;108.41;14.38
3536703;Pederneiras;1070.44;48;378.08;25.8;93.6;9.46;463.89;34.91;54.54;0.64;127.81;10.91
3536802;Pedra Bela;1870.48;113;403.82;19.9;113.93;5.3;393.39;15.1;51.45;0.68;182.93;21.16
3536901;Pedranópolis;923.41;42;309.03;20.92;78.18;6.07;563.59;24.35;56.63;0.48;102.12;6.97
3537008;Pedregulho;1105.17;112;360.96;17.52;66.55;12.58;490.99;22.3;54.03;0.63;176.44;19.83
3537107;Pedreira;1429.15;119;416.99;10.86;96.95;5.91;415.54;10.37;53.98;0.39;156.08;11.12
3537156;Pedrinhas Paulista;1247.47;141;423.27;22.24;129.86;25.91;361.3;36.61;56.45;0.6;142.09;23.44
3537206;Pedro de Toledo;1908.72;152;431.43;16.63;179.09;13.59;333.41;15.25;49.85;0.48;263.57;29.27
3537305;Penápolis;1018.63;38;329.68;22.64;86.93;5.44;492;22.73;55.66;0.66;111.97;20.93
3537404;Pereira Barreto;977.2;49;276.59;17.09;87.4;8.2;564.25;30.07;56.9;0.72;107.43;23.3
3537503;Pereiras;1186.19;46;420.29;13.17;104.28;7.66;328.72;31.02;53.78;0.56;130.77;9.26
3537602;Peruíbe;2107.15;228;402.15;34.09;207.76;25.63;372.21;40.79;50.13;0.68;328.51;54.83
3537701;Piacatu;1033.12;55;335.46;21.46;85.49;4.91;492.32;26.62;56.07;0.5;102.49;7.7
3537800;Piedade;1930.55;258;372.03;15.18;144.62;30.33;425.36;38.78;51.61;1.19;255.56;45.6
3537909;Pilar do Sul;1647.23;178;380.46;14.38;138.58;26.14;432.57;20.59;51.7;1.62;209.73;45.6
3538006;Pindamonhangaba;1528.17;480;406.31;41.49;122.46;20.87;440.97;27.27;51.63;1.13;185.77;71.4
3538105;Pindorama;928.32;40;356.69;23.49;73.92;5.95;510.37;31.52;55.54;0.43;105.72;4.89
3538204;Pinhalzinho;1776.3;99;423.53;15.2;103.05;6.54;381.9;8.08;52.52;0.48;165.91;9.98
3538303;Piquerobi;1073.38;51;317.77;16;93.88;9.73;532.26;22.85;57.74;0.67;106.19;6.54
3538501;Piquete;1904.57;524;365.52;28.71;147.38;11.53;453.39;29.34;50.78;0.98;209.19;51.67
3538600;Piracaia;1746.47;213;419.81;30.67;119.06;13.03;420.23;20.6;51.92;0.86;212.03;37.22
3538709;Piracicaba;1147.71;60;425.88;35.5;93.97;9.97;427.63;46.27;53.32;0.69;131.13;12.21
3538808;Piraju;1404.1;105;388.08;16.28;106.98;10.78;425.73;19.32;54.29;0.67;163.84;24.37
3538907;Pirajuí;1088.54;99;343.55;16.45;87.08;7.62;480.62;28.22;54.67;0.74;121.65;17.43
3539004;Pirangi;961.11;56;374.92;18.99;81.6;5.9;479.6;25.36;55.29;0.37;113.12;4.5
3539103;Pirapora do Bom Jesus;1615.58;111;408.96;11.12;109.53;9.46;459.29;9.4;55.21;0.73;206.17;18.21
3539202;Pirapozinho;1151.5;55;371.88;21.51;117.86;30.64;459.2;26.35;56.34;0.96;128.77;12.88
3539301;Pirassununga;1077.12;61;443.51;26.51;90.43;8.38;388.31;26.54;53.64;0.52;125.31;10.74
3539400;Piratininga;1168.27;67;369.52;13.33;94.84;8.84;468.2;16.01;55.03;0.46;134.86;9.85
3539509;Pitangueiras;963.67;40;410.92;20.71;82.33;8.17;417.41;21.29;55.77;0.53;122.54;9.57
3539608;Planalto;974.45;41;296.48;16.16;83.05;7.58;538.17;22.69;56.98;0.38;101.65;6.05
3539707;Platina;1227.34;94;391.83;28.95;110.84;14.82;400.04;45.23;54.63;0.53;138.59;12.89
3539806;Poá;1611.82;41;381.63;8.54;145.49;9.09;447.31;11.49;52.6;0.92;224.61;12.6
3539905;Poloni;953.86;40;304.84;15.76;80.53;5.29;580.81;27.05;56.06;0.32;102.17;4.68
3540002;Pompéia;1108.93;91;345.86;16.73;80.08;6.35;469.29;18.3;55.08;0.61;123.24;16.53
3540101;Pongaí;1016.74;34;358.99;18.86;77.45;4.4;485.67;29.25;54.47;0.54;107.12;13.39
3540200;Pontal;1010.26;72;409.93;19.62;87.42;8.76;408.11;32.22;55.54;0.66;124.45;8.39
3540259;Pontalinda;985.29;43;303.45;16.39;91.1;6.69;545.73;22.67;57.62;0.42;101.31;4.14
3540309;Pontes Gestal;898.44;47;344.98;15.74;78.39;6.25;526.05;18.57;56.42;0.4;110.63;12.73
3540408;Populina;893.6;47;348.05;27.43;82.2;6.13;514.16;32.61;56.46;0.52;104.36;14.06
3540507;Porangaba;1200.43;62;414.76;12.75;101.96;5.8;381.96;31.63;53.61;0.46;133.26;11.72
3540606;Porto Feliz;1246.82;48;395.01;25.24;96.55;9.06;444.83;40.01;53.74;0.66;135.76;7.64
3540705;Porto Ferreira;1088.06;65;453;19.35;93.93;8.44;389.57;25.59;53.53;0.4;126.09;10.78
3540754;Potim;1229.14;57;409.04;8.6;113.34;8.59;436.49;10.63;50.81;0.54;139;6.22
3540804;Potirendaba;941.63;50;328.16;18.62;75.66;3.86;515.35;26.4;56.28;0.39;102.35;6.25
3540853;Pracinha;1033.4;45;301.72;16.61;82.38;4.89;538.64;20.38;56.77;0.51;102.32;5.03
3540903;Pradópolis;1029.16;55;424.03;18.85;91.66;6.98;372.14;25.37;55.3;0.64;123.29;11.9
3541000;Praia Grande;2542.83;381;419.6;31.85;236.52;26.13;325.06;39.8;51.04;0.73;601.04;80.61
3541059;Pratânia;1249.07;89;371.69;15.77;99.99;11.7;458.26;24.32;53.67;0.43;141.4;14.5
3541109;Presidente Alves;1182.62;97;342.32;20.86;91.15;9.12;480.61;23.61;54.91;0.52;137.94;16.82
3541208;Presidente Bernardes;1100.44;54;338.65;19.03;95.89;9.23;506.25;20.55;57.52;0.87;115.28;8.5
3541307;Presidente Epitácio;1098.65;230;347.22;16.42;115.89;17.25;478.43;26.83;58.87;0.94;122.99;42.19
3541406;Presidente Prudente;1092.24;57;319.36;15.29;86.33;7.88;522.26;26.71;57.02;0.64;116.87;12.05
3541505;Presidente Venceslau;1054.06;45;312.79;20.23;96.85;9.56;542.21;34.56;57.41;0.83;105.02;6.79
3541604;Promissão;1023.31;49;313.92;24.78;86.37;6.55;505.72;30.96;55.29;0.78;108.06;18.66
3541653;Quadra;1285.97;63;412.96;15.21;102.16;7.24;401.79;23.82;53.08;0.37;138.11;12.29
3541703;Quatá;1111.62;42;341.66;18.17;86.87;9.72;494.42;28.92;54.9;0.55;120.77;10.64
3541802;Queiroz;1046.09;55;330.85;13.05;81.29;5.6;484.32;21.64;55.82;0.59;108.06;7.7
3541901;Queluz;1842.9;650;404.51;39.19;131.39;22.37;444.88;19.43;51.03;0.81;196.34;66.23
3542008;Quintana;1144.95;79;338.97;15.32;83.4;6.84;473.09;24.44;55.07;0.52;122.96;17.35
3542107;Rafard;1212.44;26;426.36;21.42;100.2;5.64;377.51;18.44;53.84;0.58;129.71;6.51
3542206;Rancharia;1112.72;53;358.08;39.08;90.69;13.48;468;46.04;55.07;0.68;123.88;15.32
3542305;Redenção da Serra;1640.14;154;444.23;22.04;120.62;12.32;415.05;15.71;52.86;0.79;198.5;25.34
3542404;Regente Feijó;1168.2;49;335.49;15.49;86.69;7.03;489.07;23.82;56.05;0.72;124.69;8.8
3542503;Reginópolis;1039.41;46;356.2;21.49;85.64;9.16;461.3;24.33;55.04;0.62;116.22;15.21
3542602;Registro;2465.4;276;381.98;20.97;220.56;30.7;394.01;21.06;50.4;0.82;337.3;65.66
3542701;Restinga;1042.23;73;381.92;41.98;94.56;13.91;467.55;49.4;54.09;0.65;158.04;15.9
3542800;Ribeira;1882.45;188;416.08;10.37;205.58;13.98;365.98;16.37;53.59;0.89;271.79;17.55
3542909;Ribeirão Bonito;1128.81;57;437.53;21.57;94.74;10.73;402.79;23.22;54.03;0.53;135.32;15.06
3543006;Ribeirão Branco;1904.24;169;376.46;10.99;190.39;14.9;396.92;13.55;52.15;0.62;235.63;21.92
3543105;Ribeirão Corrente;991.76;57;356.68;29.89;79.9;10.29;514.53;32.77;53.77;0.39;150.67;13.43
3543204;Ribeirão do Sul;1290.69;59;415.09;23.6;133.06;17.61;364.31;32.44;55.66;1.13;159.42;12.66
3543238;Ribeirão dos Índios;1085.83;45;322.97;15.7;99.57;12;529.91;18.58;57.39;0.54;106.6;6.11
3543253;Ribeirão Grande;1795.38;222;378.64;14.18;179.38;17.34;430.06;26.56;51.57;1.33;263.97;45.11
3543303;Ribeirão Pires;1873.08;85;410.38;22.87;169.12;11.99;343.26;16.27;50.19;0.5;289.19;56.45
3543402;Ribeirão Preto;1114.97;51;422.49;32.53;95.82;14.11;322.58;45.97;55.87;1.05;136.26;11.5
3543501;Riversul;1385.15;46;388.98;11.5;137.58;14.36;397.31;12.24;54.37;0.7;159.55;11
3543600;Rifaina;1105.84;97;367.11;12.08;84.43;8.21;467.14;17.08;54.81;0.34;159.52;28.83
3543709;Rincão;1036.97;52;419.59;28.83;90.22;7.96;402.17;30.4;54.53;0.49;120.05;16.19
3543808;Rinópolis;1026.47;49;318.12;16.62;82.43;5.3;517.27;22.63;55.84;0.52;102.96;7.38
3543907;Rio Claro;1172.32;59;442.04;23.54;95.37;7.89;391.94;25.89;53.68;0.61;132.66;10.26
3544004;Rio das Pedras;1145.71;44;427.38;20.57;89.05;5.29;420.88;23.97;53.22;0.54;136.07;13.67
3544103;Rio Grande da Serra;1885.51;86;441.24;15.45;180.07;10.94;348.62;16.75;49.97;0.33;318.36;37.78
3544202;Riolândia;890.69;52;371.49;21;76.46;6.95;491.23;26.09;55.77;0.63;111.28;14.36
3544251;Rosana;1117.13;101;341.03;28.62;118.49;13.5;495.7;24.93;56.64;0.97;128.83;32.58
3544301;Roseira;1450.16;318;402.11;32.06;121.04;8.71;441.04;16.85;51.75;0.91;166.42;28.86
3544400;Rubiácea;1022.15;40;332;18.7;90.55;4.49;502.16;26.38;56.74;0.51;104.38;8.3
3544509;Rubinéia;953.43;68;311.32;23.36;79.35;7.99;535.01;35.7;56.86;0.63;116.5;29.41
3544608;Sabino;1020.09;48;325.22;24.37;83.02;5.88;496.91;33.48;55.21;0.92;115.22;24.07
3544707;Sagres;1019.01;40;300.29;13.37;81.35;6.14;551;21.71;56.32;0.59;106.58;5.37
3544806;Sales;1067.37;116;323.37;18.77;82.41;7.62;482.27;22.17;56.06;0.62;121.89;30.59
3544905;Sales Oliveira;975.92;46;418.26;20.41;91.79;11.88;381.48;28.09;54.97;0.78;155.71;24.52
3545001;Salesópolis;2004.48;244;391.22;16.15;171.5;25.16;350.51;27.25;50.91;0.76;310.04;64.15
3545100;Salmourão;1030.38;46;328.55;16.67;90.86;5.72;522.85;26.09;56.23;0.52;105.84;7.54
3545159;Saltinho;1118.95;27;434.5;20.17;91.6;6.5;418.74;28.79;53.57;0.49;129.38;9.51
3545209;Salto;1210.88;39;386.11;15.74;94.57;9.14;469.84;21.7;54.53;1.23;141.39;17.32
3545308;Salto de Pirapora;1363.6;100;379.1;19.36;110.62;7.99;460.61;13.13;53.94;0.95;165.21;21.65
3545407;Salto Grande;1277.58;70;436.21;20.87;129.23;13.6;340.1;31.84;55.4;0.74;142.68;15.25
3545506;Sandovalina;1109.05;47;380.77;14.89;129.56;17.85;463.29;23.59;56.72;0.99;119.23;12.63
3545605;Santa Adélia;936.87;41;388.67;14.83;82.99;8.38;464.38;20.05;55.87;0.4;108.93;5.78
3545704;Santa Albertina;892.07;38;315.2;25.55;82.61;6.97;540.14;30.07;56.6;0.42;105.11;11.73
3545803;Santa Bárbara d'Oeste;1176.52;42;421.96;17.4;90.57;6.33;435.19;23.63;53.6;0.6;134.97;15.61
3546009;Santa Branca;1661.8;88;397.59;19.76;126.6;21.96;444.73;22.63;51.42;1.04;220.85;20.02
3546108;Santa Clara d'Oeste;891.45;45;319.32;24.29;80.53;9.82;542.19;36.83;56.49;0.58;110.24;20.62
3546207;Santa Cruz da Conceição;1161.65;56;456.6;20.83;86.65;5.64;380.56;22.6;53.59;0.58;133.49;8.91
3546256;Santa Cruz da Esperança;1120.64;50;411.19;18.86;93.93;7.64;362.41;22.69;54.53;0.59;125.05;13.76
3546306;Santa Cruz das Palmeiras;1105.52;66;445;22.02;97.71;12.33;382.64;24.1;53.65;0.54;131.89;10.73
3546405;Santa Cruz do Rio Pardo;1267.42;55;396.27;26.62;98.71;10.57;416.33;37.25;54.08;0.6;139.79;13.12
3546504;Santa Ernestina;1023;32;425.09;19.54;80.94;6.47;412.17;26.44;55.23;0.51;123.28;8.03
3546603;Santa Fé do Sul;926.7;54;300.6;19.94;84.04;9.07;559.58;32.38;56.88;0.57;110.45;23.8
3546702;Santa Gertrudes;1162.07;56;486.4;21.97;97.81;5.64;347.98;22.82;53.65;0.52;134.6;9.85
3546801;Santa Isabel;1812.39;129;408.78;15.7;132.17;14.1;447.75;11.39;51.8;0.56;240.27;24.63
3546900;Santa Lúcia;1079.75;45;436.17;22.98;85.68;8.28;387.94;27.17;54.39;0.48;126.6;12.17
3547007;Santa Maria da Serra;1277.7;100;439.29;23.88;95.02;7.36;410.82;27.19;53.42;0.98;147.82;26.3
3547106;Santa Mercedes;1007.02;38;277.2;15.14;98.06;6.74;590.66;23.26;57.77;0.56;90.56;5.01
3547205;Santana da Ponte Pensa;890.96;34;287.89;15.8;89.05;3.37;568.29;20.82;57.32;0.52;99.36;7.15
3547304;Santana de Parnaíba;1604.36;128;400.76;17.2;106.26;8.46;460.79;9.35;54.17;0.6;200.04;15.74
3547403;Santa Rita d'Oeste;907.49;39;301.16;25.31;80.73;6.63;557.33;32.48;56.66;0.56;100.83;13.84
3547502;Santa Rita do Passa Quatro;1181.8;96;425.16;26.3;93.53;15.01;391.15;30.91;53.88;0.51;137.48;19.86
3547601;Santa Rosa de Viterbo;1178.27;68;417.71;16.84;90.07;9.02;383.64;30.08;54.19;0.53;131.63;12.17
3547650;Santa Salete;875.23;32;305.87;20.12;88.75;6.33;548.16;25.89;57.17;0.42;98.24;4.05
3547700;Santo Anastácio;1111.44;47;328.4;15.36;99.42;11.78;512.49;22.37;58.13;0.76;113.52;8.26
3547809;Santo André;2058.79;267;425.97;25.09;183.33;20.19;336.87;26.83;50.45;0.53;363.42;74.21
3547908;Santo Antônio da Alegria;1161.98;105;397.6;21.97;89.18;9.14;399.11;29.75;54.18;0.56;147.87;30.28
3548005;Santo Antônio de Posse;1231.17;67;416.67;16.28;93.8;6.42;434.65;15.3;53.83;0.45;134.43;10.35
3548054;Santo Antônio do Aracanguá;989.09;44;311.54;24.08;85.17;6.15;520.17;34.25;57.4;0.5;104.87;16.4
3548104;Santo Antônio do Jardim;1499.51;122;380.9;15.43;121.45;5.82;368.43;13.48;52.84;0.44;158.86;12.67
3548203;Santo Antônio do Pinhal;2041.99;182;362.23;18.22;123.75;4.52;447.32;20.34;50.79;0.39;207.49;25.18
3548302;Santo Expedito;1068.4;40;315.94;16.08;88.9;7.83;553.63;20.42;56.89;0.55;108.22;8.63
3548401;Santópolis do Aguapeí;1015.41;42;331.2;20.12;86.13;5.32;486.96;31.32;56.1;0.53;101.71;7.49
3548500;Santos;2740.92;356;427.26;22.34;228.92;29.06;303.48;25.45;51.63;0.62;704.19;169.07
3548609;São Bento do Sapucaí;2090.96;311;354.55;41.88;124.14;19.28;446.7;47.93;51.45;0.95;228.48;56.47
3548708;São Bernardo do Campo;2074.57;278;428.2;24.05;176.55;25.16;333.04;24.85;50.43;0.63;386.82;102.52
3548807;São Caetano do Sul;1665.48;79;383.4;2.2;126.68;4.95;434.72;11.78;51.9;0.66;171.83;0
3548906;São Carlos;1147.48;96;419.39;24.97;81.96;10.64;424.1;33.38;53.81;0.54;142.23;23.64
3549003;São Francisco;891.17;25;293.13;11.43;89.97;3.88;548.2;19.48;57.64;0.41;96.45;2.72
3549102;São João da Boa Vista;1388.65;158;413.37;35.44;116.44;8.69;363.71;20.33;53.4;0.62;146.24;16.18
3549201;São João das Duas Pontes;972.22;29;311.52;17.75;83.76;8.73;536.56;24.71;57.19;0.49;100.54;5.37
3549250;São João de Iracema;999.39;46;300.03;13.17;87.78;7.19;558.52;17.9;57.1;0.45;101.92;4.7
3549300;São João do Pau d'Alho;1007.05;33;288.23;11.46;97.97;6.44;573.59;20.11;58.35;0.67;91.57;4.42
3549409;São Joaquim da Barra;940.89;40;402.46;16.64;81.03;13.07;439.01;19.34;54.83;0.51;135.86;12.21
3549508;São José da Bela Vista;1009.9;59;401.84;20.56;96.02;13.22;451.45;28.29;54.23;0.5;166.03;13.31
3549607;São José do Barreiro;1946.98;359;351.48;51.39;129.91;17.17;467.1;24.51;50.66;0.67;216.31;47.36
3549706;São José do Rio Pardo;1244.51;107;407.46;17.48;93.01;6;391.14;21.54;53.97;0.43;142.58;16.62
3549805;São José do Rio Preto;924.9;46;308.66;15.2;80.7;11.03;567.28;28.11;55.81;0.65;106.79;10.63
3549904;São José dos Campos;1744.54;269;414.75;39.25;124.06;13.65;421.38;36.56;52.46;1.15;223.32;45.18
3549953;São Lourenço da Serra;1907.28;127;389.16;12.11;174.07;13.25;394.26;24.81;49.82;0.61;257.99;18.37
3550001;São Luiz do Paraitinga;1706.92;270;393.01;40.43;118.03;13.24;439.49;19.6;51.25;0.7;193.19;45.57
3550100;São Manuel;1217.44;84;405.11;28.15;99.03;10.24;425.59;35.42;53.72;0.72;143.43;17.79
3550209;São Miguel Arcanjo;1572.27;137;379.34;13.67;146.82;19.55;444.17;17.82;52.14;2.06;201.04;37.78
3550308;São Paulo;1855.26;264;406.04;21.74;157.13;32.91;385.94;50.48;51.39;1.54;277.65;80.87
3550407;São Pedro;1230.2;147;419.71;26.75;96.9;8.02;432.52;28.35;53.14;0.66;146.4;30.11
3550506;São Pedro do Turvo;1223.68;63;379.92;27.79;97.28;10.47;433.67;40.33;54.4;0.56;141.67;13.83
3550605;São Roque;1738.8;163;379.45;19.43;108.62;10.05;474.63;15.09;53.48;1.16;214.49;21.85
3550704;São Sebastião;2061.25;240;429.92;15.01;213.25;27.3;331.48;22.91;50.9;0.7;447.47;129.7
3550803;São Sebastião da Grama;1524.97;217;386.88;20.99;98.42;9.59;386.19;34.07;52.79;0.64;174.06;37.38
3550902;São Simão;1192.05;97;421.53;22.79;93.82;18.2;348.81;38.07;54.4;0.84;137.89;21.48
3551009;São Vicente;2671.84;323;428.83;27.71;230.38;36.25;317.1;35.45;51.3;0.43;630.94;104.28
3551108;Sarapuí;1324.01;81;377.56;10.08;110.06;9.01;464;10.93;53.95;0.77;152.87;16.83
3551207;Sarutaiá;1554.66;82;392.82;11.17;113.22;10.5;411.39;12.02;53.73;0.48;182.87;17.14
3551306;Sebastianópolis do Sul;967.34;61;314.61;13.94;82.3;7.15;540.61;15.87;55.3;0.41;102.84;10.38
3551405;Serra Azul;1133.39;83;410.28;19.2;93.25;15.5;337.01;39.05;54.6;0.98;135.97;30.13
3551504;Serrana;1112.59;49;388.56;20.86;87.36;5.78;295.68;24.57;56.13;0.99;131.48;13.42
3551603;Serra Negra;1639.73;125;408.84;12.5;101.31;7.87;406.57;11.05;53.31;0.52;173.45;14.39
3551702;Sertãozinho;1025.45;49;420.69;27.27;90.34;11.93;376.91;41.99;55.94;0.62;124.4;10.66
3551801;Sete Barras;2432.36;181;403.33;16.3;196.67;16.08;405.93;20.58;50.97;1.08;294.63;30.24
3551900;Severínia;958.21;31;354.89;16.8;75.92;5.6;516.65;25.31;54.86;0.41;111.82;5.96
3552007;Silveiras;1561.01;323;408.47;35.33;117.5;11.14;425.84;23.64;51.36;0.49;169.81;35.5
3552106;Socorro;1711.03;183;406.59;18.29;109.46;7.23;396.3;8.91;52.63;0.5;169.49;14.84
3552205;Sorocaba;1279.61;119;394.2;16.73;101.81;10.08;464.06;13.85;54.09;0.76;160.01;20.33
3552304;Sud Mennucci;980.84;41;284.63;15.92;85.85;6.63;567.76;26.62;57.32;0.52;100.31;15.27
3552403;Sumaré;1194.33;58;408.33;24.56;87.94;4.81;443.38;31.6;53.35;0.72;139.51;10.51
3552502;Suzano;1766.95;148;395.62;20.54;161.78;21.05;386.46;48.95;51.04;1.19;249.09;28.94
3552551;Suzanápolis;971.68;40;282.7;15.26;80.79;7.43;564.06;21.08;57.06;0.45;101.69;19.63
3552601;Tabapuã;928.74;40;329.13;15.78;73.53;6.05;564.19;23.25;54.92;0.4;103.76;5.45
3552700;Tabatinga;1031.84;43;403.6;16.76;85.72;7.35;431.25;23.26;54.91;0.58;113.61;6.96
3552809;Taboão da Serra;1640.06;50;396.67;4.86;140.27;3.68;440.4;8.63;52.58;0.85;225.91;18.93
3552908;Taciba;1150.03;54;388.71;21.16;99.16;12.74;444.82;27.86;55;0.7;124.57;11.36
3553005;Taguaí;1412.3;71;403.82;9.4;122.92;8.45;401.33;11.7;53.92;0.48;159.43;17.6
3553104;Taiaçu;943.39;40;390.85;19.38;79.62;4.34;438.62;24.57;55.28;0.34;114.1;3.83
3553203;Taiúva;968.48;31;398.45;14.92;73.73;5.49;442.09;23.32;55.18;0.43;120.13;4.51
3553302;Tambaú;1130.46;93;415.75;22.04;88.28;10.6;404.67;30.57;53.83;0.41;129.03;13.75
3553401;Tanabi;933.26;55;324.96;23.27;72.75;6.94;561.6;35.73;54.98;0.46;108.51;5.3
3553500;Tapiraí;2027.6;214;402.27;19.44;187.27;13.53;380.99;27.4;50.31;0.85;289.99;35.71
3553609;Tapiratiba;1256.12;114;423.89;31.24;100.71;6.74;355.59;33.23;53.77;0.52;144.6;11.58
3553658;Taquaral;975.02;47;366.5;15.15;71.84;5.12;471.55;22.05;55.15;0.36;120.78;4.19
3553708;Taquaritinga;974.49;49;401.88;24.74;85.09;6.35;431.8;34.52;55.07;0.47;112.99;9.48
3553807;Taquarituba;1380.08;72;379.21;11.63;141.81;11.59;409.21;20.41;54.57;0.96;157.97;16
3553856;Taquarivaí;1473.93;55;374.65;10.14;152.64;11.53;434.53;10.54;54.59;0.92;178.86;13.49
3553906;Tarabai;1119.14;58;381.67;15.34;103.4;10.98;466.86;21.32;55.54;0.56;116.15;5.98
3553955;Tarumã;1209.62;89;441.23;24.45;135.67;12.33;355;37.29;55.19;0.68;136.74;10.67
3554003;Tatuí;1262.92;42;400.32;15.97;102.57;8.1;431.47;20.44;53.53;0.66;140.6;12.42
3554102;Taubaté;1421.89;189;435.95;18.08;116.04;10.4;413.86;15.41;53.21;0.72;168.48;18.52
3554201;Tejupá;1482.57;103;386.12;13.77;125.37;12.03;419.55;18.28;53.73;0.76;179.48;23.04
3554300;Teodoro Sampaio;1157.16;77;356.67;18.15;129.96;13.06;478.22;23.42;58;1.37;131.1;23.54
3554409;Terra Roxa;962.28;33;399.26;15.02;95.12;9.19;426.26;18.09;55.69;0.55;121.68;9.51
3554508;Tietê;1192.8;37;432.46;23.92;99.86;5.81;380.8;25.5;54.09;0.64;132.81;6.79
3554607;Timburi;1527.15;109;399.83;13.08;103.38;7.96;414.63;12.64;54.37;0.71;199.89;39.56
3554656;Torre de Pedra;1393.36;88;415.46;10.47;106.3;7.74;433.72;11.56;53.74;0.43;165.22;15.01
3554706;Torrinha;1296.44;82;418.51;31.86;96.93;9.31;430.52;38.76;53.43;0.48;149.59;14.84
3554755;Trabiju;1135.89;57;429.35;12.8;99.13;9.05;409.5;12.5;54.74;0.55;122.06;12.02
3554805;Tremembé;1522.98;290;414.04;20.29;124.53;12.47;447.41;20.24;52.49;0.99;173.91;36.15
3554904;Três Fronteiras;906.55;33;283.24;12.88;85.2;5.59;578.87;21.58;57.35;0.62;101.15;12.23
3554953;Tuiuti;1593.92;125;435.64;11.77;105.47;5.06;404.05;10.61;52.58;0.47;152.84;14.8
3555000;Tupã;1080.85;45;329.71;16.23;79.09;5.92;493.45;23.52;55.43;0.52;111.07;8.09
3555109;Tupi Paulista;1031.1;36;289.77;12.57;95.39;6.63;586.11;16.86;57.52;0.82;93.61;3.99
3555208;Turiúba;995.88;42;310;20;82;5.75;532.07;25.13;56.81;0.46;103.08;8.59
3555307;Turmalina;904.68;59;305.92;23.71;81.06;3.28;557.06;24.51;56.59;0.36;99.51;5.69
3555356;Ubarana;1016.8;44;319.96;22.82;86.34;6.31;494.99;28.89;56.75;0.57;113.43;19.62
3555406;Ubatuba;2079.45;186;388.49;33.74;187.31;33.42;346.83;58.38;51.89;0.91;393.28;118.26
3555505;Ubirajara;1211.03;49;359.79;17.56;88.9;6.15;469.81;25.4;54.62;0.42;139.94;11.56
3555604;Uchoa;918.31;36;325.11;20.64;73.71;6.63;558.41;29.36;55.35;0.41;101.4;5.05
3555703;União Paulista;943.83;37;310.8;17.87;81.18;7.59;526.83;24.94;56.64;0.38;97.14;4.51
3555802;Urânia;890.1;31;303.39;19.36;88.48;4.99;550.78;22.84;56.94;0.45;97.62;3.05
3555901;Uru;1013.4;27;348.4;14.74;77.01;4.33;498.64;27.39;54.34;0.42;108.17;12.77
3556008;Urupês;965.23;46;346.77;20.84;74.2;4.72;497.46;25.62;55.93;0.49;101.64;5.09
3556107;Valentim Gentil;965.58;42;320.06;17.89;79.14;6.93;553.29;20.23;55.86;0.53;104.64;4.63
3556206;Valinhos;1339.96;124;407.99;19.59;90.18;6.4;441.85;29.88;53.5;0.52;169.09;21.45
3556305;Valparaíso;1025.13;40;315.85;17.8;94.11;6.79;534.89;27.35;56.87;0.56;100.32;7.89
3556354;Vargem;1741.29;199;429.01;23.88;114.46;7.23;392.57;16.23;52.18;0.81;199.3;43.89
3556404;Vargem Grande do Sul;1199.56;129;424.97;32.34;96.13;8.3;397.97;29.54;53.57;0.52;135.17;15.45
3556453;Vargem Grande Paulista;1673.22;67;393.76;10.04;107.96;7.77;464.85;7.92;51.83;0.59;194.61;19.96
3556503;Várzea Paulista;1388.88;90;437.11;8.71;102.63;7.96;438.34;6.89;53.61;0.46;188.86;13.22
3556602;Vera Cruz;1287.91;79;362.83;11.42;89.21;7.01;465;19.55;55.14;0.49;153.72;14.37
3556701;Vinhedo;1306.53;92;427.81;15.21;96.59;7.28;430.13;17.95;53.4;0.59;164.52;20.88
3556800;Viradouro;950.17;35;407.28;18.35;90.1;10.6;416.01;21.41;55.78;0.52;122.63;7.96
3556909;Vista Alegre do Alto;943.6;37;395.1;20.46;80.42;4.95;452.66;24.88;55.31;0.51;117.47;9.75
3556958;Vitória Brasil;941.31;33;276.93;8.58;89.16;3.99;587.96;10.55;57.02;0.32;102.88;5.49
3557006;Votorantim;1546.55;234;375.75;25.55;111.09;11.91;469;14.3;54.2;0.59;208.5;42.08
3557105;Votuporanga;959.44;50;317.08;19.44;80.99;8.14;549.77;33.66;55.35;0.48;107.22;7.6
3557154;Zacarias;1001.68;35;305.63;19.95;83.39;6.08;517.09;27.08;56.82;0.45;118.8;28.86
3557204;Chavantes;1276.43;88;425.48;14.08;111.31;11.5;385.6;20.38;54.71;0.52;149;31.88
3557303;Estiva Gerbi;1139.13;69;428.34;15.98;93.88;8.61;402.2;23.45;53.38;0.36;123.62;6.48
